-- 删除现有的appDB数据库, 如果存在的话
DROP DATABASE IF EXISTS appDB;

-- 创建appDB数据库并设置字符集
CREATE DATABASE appDB CHARACTER SET utf8mb4 COLLATE utf8mb4_unicode_ci;
USE appDB;

-- 创建ADMIN表
CREATE TABLE `ADMIN` (
    `username` VARCHAR(15) PRIMARY KEY,
    `password` VARCHAR(12) NOT NULL
) ENGINE=InnoDB DEFAULT CHARSET=utf8mb4;

-- 插入ADMIN表数据
INSERT INTO `ADMIN` VALUES ('root','12345678');

-- 查看ADMIN表数据
SELECT * FROM ADMIN;

-- 创建CUSTOMER表
CREATE TABLE `CUSTOMER` (
    `username` VARCHAR(15) PRIMARY KEY,
    `password` VARCHAR(12) NOT NULL,
    `address` VARCHAR(50) NOT NULL,
    `phone` VARCHAR(15) NOT NULL
) ENGINE=InnoDB DEFAULT CHARSET=utf8mb4;

-- 插入CUSTOMER表数据
INSERT INTO `CUSTOMER` VALUES
('张三', '77777777', '上海交通大学东1宿舍', '13844444444'),
('李四', '55555555', '上海交通大学东5宿舍', '18833344444'),
('王五', '12345678', '上海交通大学东10宿舍', '13700001111'),
('赵六', '87654321', '上海交通大学东2宿舍', '13911112222'),
('孙七', '23456789', '上海交通大学东3宿舍', '13622223333'),
('周八', '98765432', '上海交通大学东4宿舍', '13533334444'),
('吴九', '34567890', '上海交通大学东6宿舍', '13855556666'),
('郑十', '45678901', '上海交通大学东7宿舍', '13766667777'),
('王小明', '56789012', '上海交通大学东8宿舍', '13677778888'),
('李小红', '67890123', '上海交通大学东9宿舍', '13988889999'),
('陈小芳', '78901234', '上海交通大学东11宿舍', '13599990000'),
('徐小丽', '89012345', '上海交通大学东12宿舍', '13811112222'),
('朱小刚', '90123456', '上海交通大学东13宿舍', '13722223333'),
('钱小东', '01234567', '上海交通大学东14宿舍', '13933334444'),
('孙小雪', '11223344', '上海交通大学东15宿舍', '13644445555'),
('周小光', '22334455', '上海交通大学东16宿舍', '13855556667'),
('吴小楠', '33445566', '上海交通大学东17宿舍', '13766667778'),
('郑小峰', '44556677', '上海交通大学东18宿舍', '13977778889'),
('冯小康', '55667788', '上海交通大学东19宿舍', '13588889990'),
('陈小琴', '66778899', '上海交通大学东20宿舍', '13699990001'),
('杨小强', '77889900', '上海交通大学东21宿舍', '13911112223'),
('刘小军', '88990011', '上海交通大学东22宿舍', '13722223334'),
('张小青', '99001122', '上海交通大学东23宿舍', '13633334445'),
('王小涛', '10020030', '上海交通大学东24宿舍', '13544445556'),
('李小玲', '20030040', '上海交通大学东25宿舍', '13855556668'),
('赵小波', '30040050', '上海交通大学东26宿舍', '13766667779');


-- 查看CUSTOMER表数据
SELECT * FROM CUSTOMER;

-- 创建RESTAURANT表
CREATE TABLE `RESTAURANT` (
    `username` VARCHAR(15) PRIMARY KEY,
    `password` VARCHAR(12) NOT NULL,
    `address` VARCHAR(50) NOT NULL,
    `phone` VARCHAR(15) NOT NULL,
    `img_res` VARCHAR(50)
) ENGINE=InnoDB DEFAULT CHARSET=utf8mb4;

-- 插入RESTAURANT表数据
INSERT INTO `RESTAURANT` VALUES
('土风土味', '77777777', '上海市闵行区东川路898号', '1234567890', 'static/images/res_2.jpg'),
('统一面馆', '88888888', '上海市闵行区剑川路666号', '0987654321', 'static/images/res_1.jpg'),
('川香居', '12341234', '上海市浦东新区张江高科路199号', '13555556666', 'static/images/res_2.jpg'),
('蜀香坊', '56785678', '上海市徐汇区淮海中路505号', '13666667777', 'static/images/res_1.jpg'),
('湘味馆', '23452345', '上海市长宁区天山路98号', '13777778888', 'static/images/res_2.jpg'),
('桂林米粉', '87658765', '上海市普陀区长寿路155号', '13888889999', 'static/images/res_1.jpg'),
('重庆小面', '34563456', '上海市虹口区四川北路600号', '13999990000', 'static/images/res_2.jpg'),
('新疆炒饭', '78907890', '上海市杨浦区五角场大学路88号', '13000001111', 'static/images/res_1.jpg'),
('黄焖鸡米饭', '43214321', '上海市宝山区共康路235号', '13111112222', 'static/images/res_2.jpg'),
('兰州拉面', '67896789', '上海市静安区南京西路345号', '13222223333', 'static/images/res_1.jpg'),
('无锡小笼包', '54325432', '上海市黄浦区人民路100号', '13333334444', 'static/images/res_2.jpg'),
('东北饺子馆', '98769876', '上海市青浦区青浦新城中山北路45号', '13444445555', 'static/images/res_1.jpg'),
('台北卤肉饭', '65436543', '上海市闵行区莘庄莘西路128号', '13555556666', 'static/images/res_2.jpg'),
('杭州小吃', '10981098', '上海市金山区朱泾镇朱泾路18号', '13666667777', 'static/images/res_1.jpg'),
('南京盐水鸭', '21092109', '上海市奉贤区南桥镇南桥路66号', '13777778888', 'static/images/res_2.jpg'),
('合肥牛肉汤', '32103210', '上海市崇明区长兴岛东平路88号', '13888889999', 'static/images/res_1.jpg'),
('苏州汤包', '43214321', '上海市松江区松江老街21号', '13999990000', 'static/images/res_2.jpg'),
('北京烤鸭', '54325432', '上海市奉贤区南奉公路999号', '13000001111', 'static/images/res_1.jpg'),
('上海生煎', '65436543', '上海市浦东新区陆家嘴环路201号', '13111112222', 'static/images/res_2.jpg'),
('杭州面馆', '76547654', '上海市嘉定区嘉定工业区333号', '13222223333', 'static/images/res_1.jpg'),
('宁波海鲜', '87658765', '上海市徐汇区龙华中路321号', '13333334444', 'static/images/res_2.jpg'),
('云南过桥米线', '98769876', '上海市黄浦区南京东路56号', '13444445555', 'static/images/res_1.jpg'),
('台湾珍珠奶茶', '09870987', '上海市闵行区莘庄莘北路100号', '13555556666', 'static/images/res_2.jpg'),
('西北风味', '10981098', '上海市静安区康定路88号', '13666667777', 'static/images/res_1.jpg'),
('海南鸡饭', '21092109', '上海市闵行区莘庄地铁站旁', '13777778888', 'static/images/res_2.jpg');

-- 查看RESTAURANT表数据
SELECT * FROM RESTAURANT;

CREATE TABLE `DISHES`(
    `dishname` VARCHAR(20) PRIMARY KEY,
    `restaurant` VARCHAR(15) NOT NULL,
    `dishinfo` VARCHAR(50),
    `nutriention` VARCHAR(50),
    `price` DECIMAL(5,2) NOT NULL,
    `sales` INT(5) NOT NULL,
    `imgsrc` VARCHAR(50),
    `isSpecialty` BOOLEAN,
    FOREIGN KEY (restaurant) REFERENCES RESTAURANT(username)
)ENGINE=InnoDB DEFAULT CHARSET=utf8mb4;

-- 插入DISHES表数据
INSERT INTO DISHES VALUES
    ('水煮鱼', '土风土味', '松江鲈鱼，巨口细鳞，肉质鲜嫩', '蛋白质，维生素', 26.00, 0, 'static/images/img_2.jpg', 0),
    ('香锅牛肉', '土风土味', '该香锅牛肉味道鲜美，有土豆藕片等蔬菜可添加', '蛋白质，维生素', 14.50, 0, 'static/images/img_5.jpg', 1),
    ('牛肉面', '统一面馆', '老坛酸菜牛肉面，麻辣酸爽，美味享受', '蛋白质，淀粉，维生素', 13.00, 1, 'static/images/img_7.jpg', 0),
    ('宫保鸡丁', '川香居', '川香居招牌，口感鲜嫩，味道香辣', '蛋白质，维生素', 22.00, 3, 'static/images/img_3.jpg', 1),
    ('鱼香肉丝', '川香居', '经典鱼香味，酸甜适中，肉丝滑嫩', '蛋白质，维生素', 18.00, 5, 'static/images/img_6.jpg', 0),
    ('酸辣土豆丝', '蜀香坊', '酸辣开胃，土豆丝爽脆', '维生素，膳食纤维', 10.00, 2, 'static/images/img_4.jpg', 1),
    ('麻婆豆腐', '蜀香坊', '麻辣鲜香，豆腐嫩滑', '蛋白质，维生素', 15.00, 4, 'static/images/img_1.jpg', 0),
    ('剁椒鱼头', '湘味馆', '剁椒鱼头香辣诱人，鱼肉滑嫩', '蛋白质，脂肪', 30.00, 6, 'static/images/img_2.jpg', 1),
    ('小炒肉', '湘味馆', '小炒肉香嫩可口，辣椒香浓', '蛋白质，脂肪', 20.00, 2, 'static/images/img_5.jpg', 0),
    ('桂林米粉', '桂林米粉', '正宗桂林风味，粉条爽滑', '淀粉，蛋白质', 12.00, 10, 'static/images/img_3.jpg', 1),
    ('红烧排骨', '重庆小面', '排骨鲜嫩，汤汁浓郁', '蛋白质，脂肪', 25.00, 8, 'static/images/img_6.jpg', 1),
    ('泡椒凤爪', '重庆小面', '泡椒味道浓郁，凤爪入味', '蛋白质，胶原蛋白', 18.00, 12, 'static/images/img_7.jpg', 0),
    ('羊肉串', '新疆炒饭', '香辣多汁，新疆风味', '蛋白质，脂肪', 5.00, 50, 'static/images/img_4.jpg', 1),
    ('黄焖鸡米饭', '黄焖鸡米饭', '鸡肉鲜嫩，米饭香糯', '蛋白质，脂肪', 22.00, 15, 'static/images/img_2.jpg', 1),
    ('牛肉拉面', '兰州拉面', '正宗兰州风味，面条劲道', '蛋白质，碳水化合物', 16.00, 18, 'static/images/img_5.jpg', 0),
    ('小笼包', '无锡小笼包', '皮薄馅多，汤汁丰富', '蛋白质，碳水化合物', 12.00, 25, 'static/images/img_3.jpg', 1),
    ('三鲜饺子', '东北饺子馆', '三鲜馅料，口感丰富', '蛋白质，碳水化合物', 15.00, 20, 'static/images/img_1.jpg', 1),
    ('卤肉饭', '台北卤肉饭', '卤肉香嫩，米饭香糯', '蛋白质，脂肪', 18.00, 30, 'static/images/img_7.jpg', 0),
    ('煎饺', '杭州小吃', '煎至金黄，口感酥脆', '蛋白质，碳水化合物', 10.00, 22, 'static/images/img_4.jpg', 1),
    ('盐水鸭', '南京盐水鸭', '肉质嫩滑，味道咸香', '蛋白质，脂肪', 28.00, 15, 'static/images/img_6.jpg', 0),
    ('牛肉汤', '合肥牛肉汤', '牛肉味道浓郁，汤汁香浓', '蛋白质，脂肪', 20.00, 12, 'static/images/img_3.jpg', 1),
    ('汤包', '苏州汤包', '皮薄馅多，汤汁丰富', '蛋白质，脂肪', 10.00, 25, 'static/images/img_1.jpg', 0),
    ('生煎包', '上海生煎', '生煎皮脆馅多，汤汁丰富', '蛋白质，脂肪', 10.00, 30, 'static/images/img_5.jpg', 1),
    ('猪脚饭', '海南鸡饭', '猪脚嫩滑，米饭香软', '蛋白质，脂肪', 25.00, 14, 'static/images/img_2.jpg', 1),
    ('葱油饼', '杭州面馆', '香酥脆口，葱香四溢', '脂肪，碳水化合物', 8.00, 10, 'static/images/img_3.jpg', 1),
    ('珍珠奶茶', '台湾珍珠奶茶', '奶香浓郁，珍珠Q弹', '脂肪，糖分', 15.00, 50, 'static/images/img_7.jpg', 0),
    ('新疆大盘鸡', '新疆炒饭', '大盘鸡香辣，味道十足', '蛋白质，脂肪', 30.00, 20, 'static/images/img_6.jpg', 1),
    ('烤冷面', '西北风味', '东北特色，口感筋道', '蛋白质，碳水化合物', 12.00, 18, 'static/images/img_1.jpg', 0),
    ('麻辣烫', '云南过桥米线', '麻辣鲜香，口味多样', '蛋白质，脂肪', 15.00, 35, 'static/images/img_4.jpg', 1),
    ('鸡排饭', '土风土味', '鸡排香嫩，米饭软糯', '蛋白质，脂肪', 22.00, 40, 'static/images/img_2.jpg', 0),
    ('番茄鸡蛋面', '兰州拉面', '番茄酸甜，鸡蛋鲜嫩', '蛋白质，碳水化合物', 13.00, 20, 'static/images/img_5.jpg', 1),
    ('粉蒸肉', '重庆小面', '粉蒸肉鲜香滑嫩，入口即化', '蛋白质，脂肪', 24.00, 8, 'static/images/img_3.jpg', 0),
    ('手抓羊肉', '新疆炒饭', '肉质鲜嫩，原汁原味', '蛋白质，脂肪', 35.00, 12, 'static/images/img_4.jpg', 1),
    ('毛血旺', '蜀香坊', '麻辣鲜香，回味无穷', '蛋白质，脂肪', 28.00, 7, 'static/images/img_1.jpg', 0),
    ('青椒肉丝', '湘味馆', '青椒脆嫩，肉丝滑嫩', '蛋白质，维生素', 18.00, 15, 'static/images/img_7.jpg', 1),
    ('担担面', '统一面馆', '麻辣香辣，风味独特', '碳水化合物，蛋白质', 12.00, 22, 'static/images/img_6.jpg', 0),
    ('糯米鸡', '桂林米粉', '米糯肉香，味道十足', '蛋白质，脂肪', 10.00, 8, 'static/images/img_4.jpg', 1),
    ('五香牛肉', '重庆小面', '五香入味，肉质紧实', '蛋白质，脂肪', 20.00, 5, 'static/images/img_2.jpg', 0),
    ('葱油面', '杭州面馆', '葱香四溢，面条筋道', '碳水化合物，脂肪', 10.00, 30, 'static/images/img_5.jpg', 1),
    ('小面', '重庆小面', '麻辣鲜香，口感劲道', '蛋白质，碳水化合物', 12.00, 15, 'static/images/img_6.jpg', 0);

SELECT* FROM DISHES;

-- 创建SHOPPINGCART表
CREATE TABLE `SHOPPINGCART` (
    `username` VARCHAR(15) NOT NULL,
    `restaurant` VARCHAR(15) NOT NULL,
    `dishname` VARCHAR(20) NOT NULL,
    `price` DECIMAL(5,2) NOT NULL,
    `img_res` VARCHAR(50) NOT NULL,
    PRIMARY KEY (`username`, `dishname`),
    FOREIGN KEY (`username`) REFERENCES `CUSTOMER`(`username`),
    FOREIGN KEY (`restaurant`) REFERENCES `RESTAURANT`(`username`),
    FOREIGN KEY (`dishname`) REFERENCES `DISHES`(`dishname`)
) ENGINE=InnoDB DEFAULT CHARSET=utf8mb4;

-- 插入SHOPPINGCART表数据
INSERT INTO `SHOPPINGCART` (username, restaurant, dishname, price, img_res) VALUES
    ('张三', '土风土味', '水煮鱼', 26.00, 'static/images/res_2.jpg'),
    ('李四', '土风土味', '香锅牛肉', 14.50, 'static/images/res_2.jpg'),
    ('王五', '统一面馆', '牛肉面', 13.00, 'static/images/res_1.jpg'),
    ('赵六', '川香居', '宫保鸡丁', 22.00, 'static/images/res_2.jpg'),
    ('孙七', '川香居', '鱼香肉丝', 18.00, 'static/images/res_2.jpg'),
    ('周八', '蜀香坊', '酸辣土豆丝', 10.00, 'static/images/res_1.jpg'),
    ('吴九', '蜀香坊', '麻婆豆腐', 15.00, 'static/images/res_1.jpg'),
    ('郑十', '湘味馆', '剁椒鱼头', 30.00, 'static/images/res_2.jpg'),
    ('王小明', '湘味馆', '小炒肉', 20.00, 'static/images/res_2.jpg'),
    ('李小红', '桂林米粉', '桂林米粉', 12.00, 'static/images/res_1.jpg'),
    ('陈小芳', '重庆小面', '红烧排骨', 25.00, 'static/images/res_2.jpg'),
    ('徐小丽', '重庆小面', '泡椒凤爪', 18.00, 'static/images/res_2.jpg'),
    ('朱小刚', '新疆炒饭', '羊肉串', 5.00, 'static/images/res_1.jpg'),
    ('钱小东', '黄焖鸡米饭', '黄焖鸡米饭', 22.00, 'static/images/res_2.jpg'),
    ('孙小雪', '兰州拉面', '牛肉拉面', 16.00, 'static/images/res_1.jpg'),
    ('周小光', '无锡小笼包', '小笼包', 12.00, 'static/images/res_2.jpg'),
    ('吴小楠', '东北饺子馆', '三鲜饺子', 15.00, 'static/images/res_1.jpg'),
    ('郑小峰', '台北卤肉饭', '卤肉饭', 18.00, 'static/images/res_2.jpg'),
    ('冯小康', '杭州小吃', '煎饺', 10.00, 'static/images/res_1.jpg'),
    ('陈小琴', '南京盐水鸭', '盐水鸭', 28.00, 'static/images/res_2.jpg'),
    ('杨小强', '合肥牛肉汤', '牛肉汤', 20.00, 'static/images/res_1.jpg'),
    ('刘小军', '苏州汤包', '汤包', 10.00, 'static/images/res_2.jpg'),
    ('张小青', '上海生煎', '生煎包', 10.00, 'static/images/res_2.jpg'),
    ('王小涛', '海南鸡饭', '猪脚饭', 25.00, 'static/images/res_2.jpg'),
    ('李小玲', '杭州面馆', '葱油饼', 8.00, 'static/images/res_1.jpg'),
    ('赵小波', '台湾珍珠奶茶', '珍珠奶茶', 15.00, 'static/images/res_2.jpg'),
    ('张三', '新疆炒饭', '新疆大盘鸡', 28.00, 'static/images/res_1.jpg'),
    ('李四', '川香居', '宫保鸡丁', 22.00, 'static/images/res_2.jpg'),
    ('王五', '土风土味', '香锅牛肉', 14.50, 'static/images/res_2.jpg'),
    ('赵六', '湘味馆', '剁椒鱼头', 30.00, 'static/images/res_2.jpg'),
    ('孙七', '统一面馆', '牛肉面', 13.00, 'static/images/res_1.jpg'),
    ('周八', '川香居', '鱼香肉丝', 18.00, 'static/images/res_2.jpg'),
    ('吴九', '土风土味', '水煮鱼', 26.00, 'static/images/res_2.jpg'),
    ('郑十', '蜀香坊', '麻婆豆腐', 15.00, 'static/images/res_1.jpg'),
    ('王小明', '蜀香坊', '酸辣土豆丝', 10.00, 'static/images/res_1.jpg'),
    ('李小红', '桂林米粉', '桂林米粉', 12.00, 'static/images/res_1.jpg'),
    ('陈小芳', '重庆小面', '泡椒凤爪', 18.00, 'static/images/res_2.jpg'),
    ('徐小丽', '重庆小面', '红烧排骨', 25.00, 'static/images/res_2.jpg'),
    ('朱小刚', '湘味馆', '小炒肉', 20.00, 'static/images/res_2.jpg'),
    ('钱小东', '南京盐水鸭', '盐水鸭', 28.00, 'static/images/res_2.jpg'),
    ('孙小雪', '无锡小笼包', '小笼包', 12.00, 'static/images/res_2.jpg'),
    ('周小光', '兰州拉面', '牛肉拉面', 16.00, 'static/images/res_1.jpg'),
    ('吴小楠', '东北饺子馆', '三鲜饺子', 15.00, 'static/images/res_1.jpg'),
    ('郑小峰', '台北卤肉饭', '卤肉饭', 18.00, 'static/images/res_2.jpg'),
    ('冯小康', '合肥牛肉汤', '牛肉汤', 20.00, 'static/images/res_1.jpg'),
    ('陈小琴', '杭州小吃', '煎饺', 10.00, 'static/images/res_1.jpg'),
    ('杨小强', '上海生煎', '生煎包', 10.00, 'static/images/res_2.jpg'),
    ('刘小军', '海南鸡饭', '猪脚饭', 25.00, 'static/images/res_2.jpg'),
    ('张小青', '台湾珍珠奶茶', '珍珠奶茶', 15.00, 'static/images/res_2.jpg'),
    ('王小涛', '苏州汤包', '汤包', 10.00, 'static/images/res_1.jpg'),
    ('李小玲', '新疆炒饭', '羊肉串', 5.00, 'static/images/res_1.jpg')
ON DUPLICATE KEY UPDATE
    restaurant = VALUES(restaurant),
    price = VALUES(price),
    img_res = VALUES(img_res);

SELECT* FROM SHOPPINGCART;

-- 创建ORDER_COMMENT表
CREATE TABLE `ORDER_COMMENT` (
    `orderID` VARCHAR(15) PRIMARY KEY,
    `username` VARCHAR(15) NOT NULL,
    `restaurant` VARCHAR(15) NOT NULL,
    `isFinished` BOOLEAN,
    CHECK (isFinished = 1 OR isFinished = 0),
    `cost` DECIMAL(5,2) NOT NULL,
    `c_rank` TINYINT(1),
    CHECK (c_rank BETWEEN 1 AND 5),
    `text` VARCHAR(50),
    `transactiontime` TIMESTAMP NOT NULL,
    FOREIGN KEY (username) REFERENCES CUSTOMER(username),
    FOREIGN KEY (restaurant) REFERENCES RESTAURANT(username)
) ENGINE=InnoDB DEFAULT CHARSET=utf8mb4;

-- 插入ORDER_COMMENT表数据
INSERT INTO `ORDER_COMMENT` VALUES
('1447000', '张三', '土风土味', 1, 26.00, 5, '味道很好，服务也很到位！', '2024-01-15 18:20:00'),
('1447001', '李四', '统一面馆', 1, 13.00, 3, '面条有点硬，希望能改进。', '2024-02-10 12:30:00'),
('1447002', '王五', '川香居', 0, 22.00, 4, '菜品很不错，下次再来。', '2024-03-05 19:00:00'),
('1447003', '赵六', '蜀香坊', 1, 15.00, 2, '麻婆豆腐味道太重，不喜欢。', '2024-03-15 20:45:00'),
('1447004', '孙七', '湘味馆', 1, 30.00, 5, '鱼头非常鲜美，值得推荐！', '2024-04-01 14:30:00'),
('1447005', '周八', '桂林米粉', 1, 12.00, 4, '米粉口感很好，汤底也不错。', '2024-04-20 11:15:00'),
('1447006', '吴九', '重庆小面', 0, 18.00, 3, '味道一般，不是很满意。', '2024-05-10 13:00:00'),
('1447007', '郑十', '黄焖鸡米饭', 1, 22.00, 5, '鸡肉非常嫩，米饭也很香！', '2024-05-30 17:45:00'),
('1447008', '王小明', '兰州拉面', 1, 16.00, 4, '面条很好，汤汁鲜美。', '2024-06-12 12:00:00'),
('1447009', '李小红', '无锡小笼包', 0, 12.00, 5, '小笼包皮薄馅多，非常好！', '2024-06-25 18:00:00'),
('1447010', '陈小芳', '东北饺子馆', 1, 15.00, 3, '饺子还可以，但希望有更多馅料。', '2024-07-02 13:30:00'),
('1447011', '徐小丽', '台北卤肉饭', 1, 18.00, 5, '卤肉非常入味，米饭配得很好！', '2024-07-18 19:15:00'),
('1447012', '朱小刚', '杭州小吃', 1, 10.00, 4, '小吃种类多，值得一试。', '2024-08-05 11:45:00'),
('1447013', '钱小东', '南京盐水鸭', 1, 28.00, 5, '鸭子鲜嫩，味道非常棒！', '2024-08-21 16:20:00'),
('1447014', '孙小雪', '合肥牛肉汤', 0, 20.00, 2, '牛肉汤味道普通，没什么特别。', '2024-09-10 14:30:00'),
('1447015', '周小光', '苏州汤包', 1, 10.00, 5, '汤包味道很不错，汤汁丰富。', '2024-09-15 12:00:00'),
('1447016', '吴小楠', '上海生煎', 1, 10.00, 3, '生煎有点油腻，口感一般。', '2024-10-01 20:00:00'),
('1447017', '郑小峰', '新疆炒饭', 1, 30.00, 5, '炒饭很好，味道很正宗！', '2024-10-10 13:00:00'),
('1447018', '冯小康', '西北风味', 0, 12.00, 4, '风味独特，值得尝试。', '2024-10-15 17:00:00'),
('1447019', '陈小琴', '云南过桥米线', 1, 15.00, 5, '米线非常好吃，汤底不错。', '2024-11-05 12:30:00'),
('1447020', '杨小强', '台湾珍珠奶茶', 1, 15.00, 4, '奶茶味道很好，珍珠Q弹。', '2024-11-10 15:00:00'),
('1447021', '刘小军', '新疆炒饭', 1, 35.00, 5, '大盘鸡非常好吃，量也足。', '2024-11-15 18:30:00'),
('1447022', '张小青', '土风土味', 0, 22.00, 3, '味道可以，但希望能改善服务。', '2024-11-20 19:45:00'),
('1447023', '王小涛', '统一面馆', 1, 13.00, 4, '面条味道不错，但分量偏少。', '2024-11-25 12:10:00'),
('1447024', '李小玲', '川香居', 0, 22.00, 5, '非常满意，下次还会再来。', '2024-12-01 14:20:00'),
('1447025', '赵小波', '蜀香坊', 1, 15.00, 4, '麻婆豆腐很赞，辣度刚好。', '2024-12-05 16:00:00'),
('1447026', '孙小雪', '湘味馆', 1, 30.00, 5, '剁椒鱼头好吃极了，值得推荐。', '2024-12-10 20:30:00'),
('1447027', '周小光', '桂林米粉', 1, 12.00, 3, '米粉一般，没有特别惊艳。', '2024-12-15 12:45:00'),
('1447028', '吴小楠', '重庆小面', 0, 18.00, 4, '面条口感不错，辣味适中。', '2024-12-20 14:15:00'),
('1447029', '郑小峰', '黄焖鸡米饭', 1, 22.00, 5, '鸡肉鲜嫩，米饭香软，喜欢！', '2024-12-25 13:00:00'),
('1447030', '冯小康', '兰州拉面', 1, 16.00, 4, '面条劲道，汤底鲜美。', '2024-12-30 19:30:00'),
('1447031', '陈小琴', '无锡小笼包', 1, 12.00, 5, '小笼包味道很好，推荐！', '2024-11-02 11:00:00'),
('1447032', '杨小强', '东北饺子馆', 1, 15.00, 3, '饺子口感一般，没有惊喜。', '2024-11-12 18:30:00'),
('1447033', '刘小军', '台北卤肉饭', 1, 18.00, 5, '卤肉入味，米饭很香。', '2024-11-18 14:15:00'),
('1447034', '张小青', '杭州小吃', 0, 10.00, 4, '小吃口味不错，值得再来。', '2024-11-23 17:00:00'),
('1447035', '王小涛', '南京盐水鸭', 1, 28.00, 5, '鸭肉嫩滑，味道正宗。', '2024-11-28 12:00:00'),
('1447036', '李小玲', '合肥牛肉汤', 1, 20.00, 2, '牛肉汤普通，希望能改进。', '2024-11-30 19:30:00'),
('1447037', '赵小波', '苏州汤包', 1, 10.00, 5, '汤包味道很赞，皮薄馅多。', '2024-12-05 12:45:00'),
('1447038', '孙小雪', '上海生煎', 1, 10.00, 3, '生煎油腻，希望能改善。', '2024-12-10 20:30:00'),
('1447039', '周小光', '新疆炒饭', 1, 30.00, 5, '炒饭好吃，分量足。', '2024-12-15 14:30:00'),
('1447040', '吴小楠', '西北风味', 0, 12.00, 4, '风味独特，值得尝试。', '2024-12-20 16:00:00'),
('1447041', '郑小峰', '云南过桥米线', 1, 15.00, 5, '米线鲜美，汤底极好。', '2024-12-25 19:30:00'),
('1447042', '冯小康', '台湾珍珠奶茶', 1, 15.00, 4, '奶茶很不错，珍珠很Q。', '2024-12-30 12:00:00'),
('1447043', '陈小琴', '新疆炒饭', 1, 35.00, 5, '非常美味，量也足！', '2024-11-01 13:30:00'),
('1447044', '杨小强', '土风土味', 0, 22.00, 3, '服务需要改善，味道尚可。', '2024-11-10 18:15:00'),
('1447045', '刘小军', '统一面馆', 1, 13.00, 4, '面条不错，希望分量多些。', '2024-11-15 12:00:00'),
('1447046', '张小青', '川香居', 1, 22.00, 5, '菜品很丰富，下次还来。', '2024-11-20 14:00:00'),
('1447047', '王小涛', '蜀香坊', 1, 15.00, 4, '麻婆豆腐味道正，值得一试。', '2024-11-25 18:30:00'),
('1447048', '李小玲', '湘味馆', 1, 30.00, 5, '剁椒鱼头很赞，强烈推荐！', '2024-11-30 13:00:00'),
('1447049', '赵小波', '桂林米粉', 1, 12.00, 3, '米粉一般，不是很满意。', '2024-12-05 19:30:00');

-- 查看ORDER_COMMENT表数据
SELECT * FROM ORDER_COMMENT;

